,mAR,recall@5,mAP,precision@5,f1
summarized_text_LEG_JURIS_emb_hs_similarity,0.3891600000000001,0.312,0.02102727610680296,0.04,0.03989872551577046
full_text_emb_hs_similarity,0.42584,0.353,0.022231166860938636,0.04,0.04225632353174923
summarized_text_O_TEMPO_LOCAL_emb_hs_similarity,0.37796,0.26899999999999996,0.017450764421942627,0.02,0.0333612107427565
summarized_text_O_emb_hs_similarity,0.3879000000000001,0.309,0.01566943818155451,0.028000000000000004,0.030122078113806995
