,mAR,recall@5,mAP,precision@5,f1
summarized_text_LEG_JURIS_emb_hs_similarity,0.1352321348242401,0.07991269841269841,0.02252184685358565,0.028000000000000004,0.03861300231920663
full_text_emb_hs_similarity,0.1592624297924298,0.09664163614163615,0.029726726090725263,0.044000000000000004,0.050101823089891945
summarized_text_O_TEMPO_LOCAL_emb_hs_similarity,0.1535778749286489,0.0779701213818861,0.029146598131688645,0.028000000000000004,0.048994779161146716
summarized_text_O_emb_hs_similarity,0.13177529593213802,0.10796031746031748,0.022949589627829656,0.05200000000000001,0.039091177269687166
