,mAR,recall@5,mAP,precision@5,f1
summarized_text_LEG_JURIS_emb_hs_similarity,0.24331301587301588,0.19764285714285715,0.0183020398087899,0.028000000000000004,0.034043335089406025
full_text_emb_hs_similarity,0.26876,0.23221428571428568,0.01945526311285447,0.032,0.03628396676662723
summarized_text_O_TEMPO_LOCAL_emb_hs_similarity,0.227261802054155,0.18505742296918767,0.018892279912969833,0.028000000000000004,0.03488460190155577
summarized_text_O_emb_hs_similarity,0.23956396825396825,0.22373809523809524,0.017050982747139332,0.044000000000000004,0.03183603350934152
