,mAR,recall@5,mAP,precision@5,f1
summarized_text_LEG_JURIS_emb_hs_similarity,0.37028000000000005,0.27899999999999997,0.016964679450747006,0.024000000000000004,0.032442958369020315
full_text_emb_hs_similarity,0.4204066666666666,0.349,0.020612491528422747,0.036000000000000004,0.039298196888425334
summarized_text_O_TEMPO_LOCAL_emb_hs_similarity,0.34058000000000005,0.259,0.016066512353767225,0.024,0.030685469157305453
summarized_text_O_emb_hs_similarity,0.37748666666666675,0.34299999999999997,0.016688401047792928,0.044000000000000004,0.03196371054138475
