,mAR,recall@5,mAP,precision@5,f1
summarized_text_LEG_JURIS_emb_hs_similarity,0.2541814285714286,0.21147619047619048,0.022452345376679204,0.044000000000000004,0.041260104586462884
full_text_emb_hs_similarity,0.2624361904761905,0.23554761904761903,0.019188815407330417,0.036000000000000004,0.035762730652784645
summarized_text_O_TEMPO_LOCAL_emb_hs_similarity,0.25002126050420165,0.17339075630252102,0.01847770522448182,0.02,0.03441219327539842
summarized_text_O_emb_hs_similarity,0.242231746031746,0.2122142857142857,0.013785778637701519,0.028000000000000004,0.026086911309131128
