,mAR,recall@5,mAP,precision@5,f1
summarized_text_LEG_JURIS_emb_hs_similarity,0.16702523809523806,0.1056904761904762,0.021909183635567125,0.028000000000000004,0.03873710867167241
full_text_emb_hs_similarity,0.19267746031746028,0.1236031746031746,0.029726726090725263,0.044000000000000004,0.051506854967213175
summarized_text_O_TEMPO_LOCAL_emb_hs_similarity,0.18830190476190478,0.10354761904761905,0.028461155874326575,0.028000000000000004,0.049448368620842204
summarized_text_O_emb_hs_similarity,0.16713380952380952,0.13538095238095238,0.022547950723776414,0.05200000000000001,0.03973523755263497
