,mAR,recall@5,mAP,precision@5,f1
summarized_text_LEG_JURIS_emb_hs_similarity,0.18706206349206347,0.12943650793650793,0.028034950075456103,0.05200000000000001,0.048761956514711026
full_text_emb_hs_similarity,0.18651444444444448,0.12093650793650795,0.02990735715878411,0.044000000000000004,0.051548911098141255
summarized_text_O_TEMPO_LOCAL_emb_hs_similarity,0.19831190476190474,0.11269047619047619,0.030520405888461798,0.036000000000000004,0.05289952112658631
summarized_text_O_emb_hs_similarity,0.16023920634920635,0.10541269841269842,0.020094023249546452,0.028000000000000004,0.03571000580463283
