,mAR,recall@5,mAP,precision@5,f1
summarized_text_LEG_JURIS_emb_hs_similarity,0.1529424175824176,0.10241269841269843,0.028034950075456103,0.05200000000000001,0.04738419059612278
full_text_emb_hs_similarity,0.15443979435768906,0.09497496947496949,0.03004832672650914,0.044000000000000004,0.050308468351919336
summarized_text_O_TEMPO_LOCAL_emb_hs_similarity,0.1629387696617108,0.08379429720606192,0.030589390901134234,0.036000000000000004,0.051508759279644045
summarized_text_O_emb_hs_similarity,0.12427690765374974,0.08057936507936508,0.02021307089534955,0.028000000000000004,0.03477082591172843
